Time,Step DIR,Step Goal,Curent Step,CL input,Temprature,A4,A5,AD12
0.0,0,0,0,5,45,236,17,4095
0.010005474090576172,1,2000,10,5,46,236,12,2437
0.02001333236694336,1,2000,20,5,45,236,13,3035
0.030005455017089844,1,2000,30,5,45,238,14,2754
0.04000997543334961,1,2000,40,5,45,237,13,3914
0.05000567436218262,1,2000,50,5,45,238,11,1887
0.06000494956970215,1,2000,60,5,45,237,13,3205
0.07001137733459473,1,2000,70,5,44,238,12,2440
0.08001160621643066,1,2000,80,5,45,237,13,2929
0.09000873565673828,1,2000,90,5,45,238,12,1949
0.10001063346862793,1,2000,100,5,46,239,14,3194
0.11000633239746094,1,2000,110,5,45,238,12,2962
0.12000560760498047,1,2000,120,5,45,239,13,2352
0.1300060749053955,1,2000,130,5,45,237,11,2670
0.14000916481018066,1,2000,140,5,45,238,13,2345
0.150010347366333,1,2000,150,5,45,239,13,2182
0.16000866889953613,1,2000,160,5,45,237,11,2856
0.17000699043273926,1,2000,170,5,45,237,15,2807
0.18001031875610352,1,2000,180,5,45,238,11,2430
0.19000697135925293,1,2000,190,5,45,236,14,3110
0.20000791549682617,1,2000,200,5,45,238,11,3233
0.21001148223876953,1,2000,210,5,45,237,11,1416
0.22000789642333984,1,2000,220,5,45,235,12,2636
0.23000717163085938,1,2000,230,5,45,235,11,2412
0.24000883102416992,1,2000,240,5,45,237,11,3007
0.25000834465026855,1,2000,250,5,45,239,12,2898
0.2600064277648926,1,2000,260,5,45,240,12,3451
0.27001142501831055,1,2000,270,5,45,238,10,2702
0.2800111770629883,1,2000,280,5,45,238,14,3008
0.2900063991546631,1,2000,290,5,45,238,13,2489
0.30001020431518555,1,2000,300,5,45,237,14,2545
0.31000757217407227,1,2000,310,5,45,240,13,1827
0.3200104236602783,1,2000,320,5,45,238,12,3328
0.33000707626342773,1,2000,330,5,45,240,14,2771
0.340008020401001,1,2000,340,5,45,238,13,2203
0.3500046730041504,1,2000,350,5,45,238,11,2814
0.3600046634674072,1,2000,360,5,45,239,14,3215
0.3700070381164551,1,2000,370,5,45,240,12,2446
0.3800075054168701,1,2000,380,5,46,238,12,2692
0.3900108337402344,1,2000,390,5,45,240,12,1401
0.4000101089477539,1,2000,400,5,45,237,13,2874
0.4100050926208496,1,2000,410,5,45,250,13,2477
0.4200093746185303,1,2000,420,5,45,252,12,2821
0.4300084114074707,1,2000,430,5,45,252,13,3602
0.44000887870788574,1,2000,440,5,45,251,12,3132
0.4500117301940918,1,2000,450,5,45,252,13,3136
0.460007905960083,1,2000,460,5,45,251,11,3192
0.4700052738189697,1,2000,470,5,45,252,15,3004
0.48000502586364746,1,2000,480,5,46,252,12,3031
0.49001026153564453,1,2000,490,5,45,251,13,2057
0.5000085830688477,1,2000,500,5,45,252,13,3177
0.5100057125091553,1,2000,510,5,45,252,15,2044
0.5200111865997314,1,2000,520,5,45,283,15,2737
0.5300068855285645,1,2000,530,5,46,288,12,2161
0.5400090217590332,1,2000,540,5,46,289,14,2171
0.5500051975250244,1,2000,550,5,45,288,13,2286
0.5600061416625977,1,2000,560,5,45,287,12,3295
0.5700094699859619,1,2000,570,5,46,288,13,2732
0.5800049304962158,1,2000,580,5,45,287,11,3107
0.5900108814239502,1,2000,590,5,45,287,12,2870
0.6000094413757324,1,2000,600,5,45,287,14,2576
0.6100046634674072,1,2000,610,5,45,288,11,2892
0.6200082302093506,1,2000,620,5,45,288,13,3177
0.6300103664398193,1,2000,630,5,45,339,14,2837
0.640009880065918,1,2000,640,5,45,342,12,2537
0.6500074863433838,1,2000,650,5,46,344,11,2963
0.660006046295166,1,2000,660,5,45,342,14,3223
0.6700103282928467,1,2000,670,5,45,342,14,2366
0.6800060272216797,1,2000,680,5,45,342,12,3005
0.6900086402893066,1,2000,690,5,44,342,12,1394
0.7000083923339844,1,2000,700,5,45,341,11,2136
0.7100110054016113,1,2000,710,5,45,342,12,2412
0.7200100421905518,1,2000,720,5,45,342,13,2335
0.7300069332122803,1,2000,730,5,45,341,14,3249
0.7400057315826416,1,2000,740,5,45,405,11,2743
0.7500059604644775,1,2000,750,5,45,409,15,2840
0.7600054740905762,1,2000,760,5,45,410,14,2993
0.7700061798095703,1,2000,770,5,45,410,12,2515
0.7800097465515137,1,2000,780,5,46,407,14,3398
0.7900049686431885,1,2000,790,5,45,410,12,2726
0.8000094890594482,1,2000,800,5,45,409,14,2890
0.8100085258483887,1,2000,810,5,45,409,13,2822
0.8200051784515381,1,2000,820,5,45,410,13,2493
0.8300116062164307,1,2000,830,5,45,411,12,2727
0.8400049209594727,1,2000,840,5,45,407,12,2415
0.8500077724456787,1,2000,850,5,45,479,11,2473
0.8600077629089355,1,2000,860,5,45,485,12,2479
0.8700072765350342,1,2000,870,5,45,485,14,2901
0.8800075054168701,1,2000,880,5,45,484,11,2536
0.8900103569030762,1,2000,890,5,46,485,12,3015
0.9000093936920166,1,2000,900,5,45,483,12,2942
0.9100065231323242,1,2000,910,5,45,484,12,2638
0.9200088977813721,1,2000,920,5,46,483,11,2532
0.9300055503845215,1,2000,930,5,45,483,11,2779
0.9400074481964111,1,2000,940,5,45,484,13,3010
0.950005292892456,1,2000,950,5,45,485,13,2667
0.9600086212158203,1,2000,960,5,46,561,10,3219
0.9700078964233398,1,2000,970,5,45,562,12,3251
0.9800102710723877,1,2000,980,5,46,564,11,3533
0.9900081157684326,1,2000,990,5,45,563,14,1866
1.000009298324585,1,2000,1000,5,46,563,11,2694
1.0100102424621582,1,2000,1010,5,45,563,12,2270
1.020007848739624,1,2000,1020,5,45,562,12,3111
1.0300049781799316,1,2000,1030,5,46,563,13,3114
1.0400099754333496,1,2000,1040,5,45,561,13,2346
1.0500059127807617,1,2000,1050,5,46,564,14,3253
1.0600063800811768,1,2000,1060,5,45,562,15,3383
1.0700111389160156,1,2000,1070,5,46,639,12,2027
1.0800085067749023,1,2000,1080,5,45,640,14,3065
1.09000825881958,1,2000,1090,5,46,643,12,2658
1.1000080108642578,1,2000,1100,5,45,640,12,2797
1.1100103855133057,1,2000,1110,5,46,641,13,2699
1.1200110912322998,1,2000,1120,5,45,640,13,3367
1.130007266998291,1,2000,1130,5,46,641,15,2868
1.1400094032287598,1,2000,1140,5,45,639,14,2979
1.150007724761963,1,2000,1150,5,45,641,11,2353
1.1600079536437988,1,2000,1160,5,45,641,12,2980
1.1700074672698975,1,2000,1170,5,45,640,14,3636
1.1800084114074707,1,2000,1180,5,45,716,14,3053
1.1900074481964111,1,2000,1190,5,45,717,10,2726
1.2000048160552979,1,2000,1200,5,45,717,12,2530
1.2100119590759277,1,2000,1210,5,45,716,14,3832
1.2200074195861816,1,2000,1220,5,45,716,10,3097
1.2300093173980713,1,2000,1230,5,45,717,12,2549
1.2400093078613281,1,2000,1240,5,45,717,13,2410
1.250011682510376,1,2000,1250,5,45,716,12,2678
1.2600047588348389,1,2000,1260,5,45,716,12,3065
1.2700116634368896,1,2000,1270,5,45,717,13,2949
1.2800097465515137,1,2000,1280,5,45,717,12,4057
1.2900092601776123,1,2000,1290,5,45,789,13,2958
1.300008773803711,1,2000,1300,5,45,789,12,2823
1.3100104331970215,1,2000,1310,5,45,790,12,2816
1.3200099468231201,1,2000,1320,5,45,790,10,2163
1.3300070762634277,1,2000,1330,5,45,789,12,1951
1.3400061130523682,1,2000,1340,5,45,791,10,2969
1.350010871887207,1,2000,1350,5,45,789,12,2705
1.3600051403045654,1,2000,1360,5,46,787,13,2542
1.370007038116455,1,2000,1370,5,45,790,14,2831
1.3800115585327148,1,2000,1380,5,46,789,13,2904
1.390010118484497,1,2000,1390,5,45,789,14,2702
1.4000093936920166,1,2000,1400,5,45,860,12,2119
1.4100120067596436,1,2000,1410,5,45,859,13,2520
1.4200105667114258,1,2000,1420,5,45,861,12,2301
1.4300103187561035,1,2000,1430,5,45,859,14,2956
1.4400084018707275,1,2000,1440,5,45,861,12,2798
1.450010061264038,1,2000,1450,5,45,860,10,1737
1.4600112438201904,1,2000,1460,5,45,860,14,3255
1.4700076580047607,1,2000,1470,5,45,861,12,2606
1.4800066947937012,1,2000,1480,5,45,859,13,2230
1.4900062084197998,1,2000,1490,5,45,861,12,2611
1.5000114440917969,1,2000,1500,5,45,860,13,2470
1.5100059509277344,1,2000,1510,5,46,924,14,2300
1.520010232925415,1,2000,1520,5,45,927,14,3560
1.530008316040039,1,2000,1530,5,45,926,13,2776
1.5400059223175049,1,2000,1540,5,45,923,13,3055
1.5500071048736572,1,2000,1550,5,45,924,13,2527
1.5600056648254395,1,2000,1560,5,46,924,12,2146
1.5700056552886963,1,2000,1570,5,45,924,13,2626
1.5800070762634277,1,2000,1580,5,46,924,12,2277
1.5900089740753174,1,2000,1590,5,46,924,13,2761
1.6000089645385742,1,2000,1600,5,45,925,14,3019
1.6100099086761475,1,2000,1610,5,46,944,12,2798
1.6200087070465088,1,2000,1620,5,45,982,12,2896
1.6300101280212402,1,2000,1630,5,45,982,12,2425
1.6400115489959717,1,2000,1640,5,45,981,12,3049
1.650010585784912,1,2000,1650,5,46,981,12,2755
1.6600089073181152,1,2000,1660,5,45,981,14,2358
1.6700074672698975,1,2000,1670,5,45,981,13,2333
1.680009126663208,1,2000,1680,5,45,981,14,2138
1.690006971359253,1,2000,1690,5,45,981,12,3098
1.7000062465667725,1,2000,1700,5,45,981,15,2545
1.7100062370300293,1,2000,1710,5,45,981,10,2478
1.7200067043304443,1,2000,1720,5,46,1007,11,3216
1.7300078868865967,1,2000,1730,5,45,1036,14,3265
1.7400076389312744,1,2000,1740,5,45,1038,13,2573
1.7500114440917969,1,2000,1750,5,45,1036,10,1841
1.7600107192993164,1,2000,1760,5,45,1035,12,2769
1.7700088024139404,1,2000,1770,5,45,1037,13,3007
1.7800099849700928,1,2000,1780,5,45,1036,12,2834
1.790006160736084,1,2000,1790,5,45,1036,12,2161
1.8000109195709229,1,2000,1800,5,45,1036,14,2734
1.8100066184997559,1,2000,1810,5,45,1036,14,3097
1.8200087547302246,1,2000,1820,5,45,1036,12,3078
1.8300073146820068,1,2000,1830,5,46,1067,14,2504
1.8400070667266846,1,2000,1840,5,45,1088,13,3278
1.8500099182128906,1,2000,1850,5,46,1090,10,2447
1.8600075244903564,1,2000,1860,5,46,1089,13,2261
1.8700106143951416,1,2000,1870,5,45,1088,12,3836
1.8800058364868164,1,2000,1880,5,45,1091,14,3557
1.8900072574615479,1,2000,1890,5,45,1089,13,2392
1.9000096321105957,1,2000,1900,5,45,1089,13,3172
1.9100100994110107,1,2000,1910,5,45,1087,12,1311
1.9200069904327393,1,2000,1920,5,46,1089,13,2229
1.930008888244629,1,2000,1930,5,45,1088,12,2712
1.9400079250335693,1,2000,1940,5,45,1134,15,1875
1.9500072002410889,1,2000,1950,5,45,1139,11,2939
1.9600064754486084,1,2000,1960,5,46,1142,12,2771
1.9700071811676025,1,2000,1970,5,45,1141,12,3283
1.980011224746704,1,2000,1980,5,45,1142,12,3513
1.9900109767913818,1,2000,1990,5,45,1143,13,2896
2.000006675720215,0,0,2000,5,45,1141,13,3148
2.010007381439209,0,0,1990,5,46,1142,12,3329
2.020010232925415,0,0,1980,5,46,1141,12,2712
2.030010461807251,0,0,1970,5,46,1142,12,2602
2.0400102138519287,0,0,1960,5,46,1141,13,3717
2.0500106811523438,0,0,1950,5,46,1185,12,1948
2.0600106716156006,0,0,1940,5,45,1192,11,2139
2.070010185241699,0,0,1930,5,45,1194,14,2411
2.0800089836120605,0,0,1920,5,45,1192,13,2710
2.090006113052368,0,0,1910,5,45,1193,12,2534
2.100011110305786,0,0,1900,5,45,1194,12,3183
2.1100075244903564,0,0,1890,5,45,1193,13,2696
2.1200084686279297,0,0,1880,5,45,1194,14,3151
2.130007743835449,0,0,1870,5,45,1193,12,2816
2.1400091648101807,0,0,1860,5,45,1194,13,2536
2.1500091552734375,0,0,1850,5,45,1192,13,2289
2.160008668899536,0,0,1840,5,46,1231,12,2500
2.170010805130005,0,0,1830,5,45,1237,11,2496
2.1800079345703125,0,0,1820,5,45,1236,11,2582
2.1900103092193604,0,0,1810,5,46,1237,13,1917
2.2000105381011963,0,0,1800,5,46,1236,14,3135
2.210008144378662,0,0,1790,5,45,1236,12,2885
2.2200052738189697,0,0,1780,5,46,1236,12,3039
2.230010509490967,0,0,1770,5,45,1234,11,2381
2.240007162094116,0,0,1760,5,45,1234,13,2175
2.2500078678131104,0,0,1750,5,45,1235,13,2395
2.2600090503692627,0,0,1740,5,45,1235,10,2814
2.2700083255767822,0,0,1730,5,46,1211,16,1904
2.2800090312957764,0,0,1720,5,46,1209,12,2739
2.2900075912475586,0,0,1710,5,46,1210,12,2518
2.3000118732452393,0,0,1700,5,45,1210,13,2176
2.310004949569702,0,0,1690,5,46,1209,14,2760
2.320009469985962,0,0,1680,5,45,1207,14,2479
2.330005645751953,0,0,1670,5,45,1209,13,2425
2.3400087356567383,0,0,1660,5,46,1210,12,2276
2.350006580352783,0,0,1650,5,45,1211,13,2436
2.36000657081604,0,0,1640,5,45,1209,14,2336
2.370007276535034,0,0,1630,5,45,1210,11,2719
2.380005359649658,0,0,1620,5,46,1126,13,2799
2.3900082111358643,0,0,1610,5,45,1126,12,2510
2.4000072479248047,0,0,1600,5,45,1124,11,1511
2.4100077152252197,0,0,1590,5,45,1125,14,2883
2.4200053215026855,0,0,1580,5,45,1126,13,2443
2.4300055503845215,0,0,1570,5,45,1125,13,3158
2.4400088787078857,0,0,1560,5,46,1124,10,2618
2.450007677078247,0,0,1550,5,45,1128,12,2380
2.4600088596343994,0,0,1540,5,46,1126,14,2567
2.4700114727020264,0,0,1530,5,45,1126,11,2125
2.4800078868865967,0,0,1520,5,45,1126,15,3579
2.490011215209961,0,0,1510,5,45,1050,11,2530
2.5000081062316895,0,0,1500,5,46,1047,13,3486
2.510009288787842,0,0,1490,5,45,1048,13,2977
2.5200107097625732,0,0,1480,5,45,1048,14,2956
2.5300068855285645,0,0,1470,5,45,1047,14,3102
2.5400102138519287,0,0,1460,5,46,1049,14,2935
2.5500097274780273,0,0,1450,5,45,1047,10,1791
2.5600104331970215,0,0,1440,5,45,1047,10,2741
2.570005178451538,0,0,1430,5,45,1049,12,3530
2.5800106525421143,0,0,1420,5,46,1047,13,2775
2.590010404586792,0,0,1410,5,46,1048,12,2732
2.6000113487243652,0,0,1400,5,46,976,13,2709
2.610006093978882,0,0,1390,5,46,974,13,2856
2.6200056076049805,0,0,1380,5,45,977,11,2557
2.630007028579712,0,0,1370,5,46,975,11,1468
2.640007257461548,0,0,1360,5,46,974,10,2435
2.650009870529175,0,0,1350,5,45,976,14,2705
2.6600072383880615,0,0,1340,5,45,976,14,4095
2.670008420944214,0,0,1330,5,46,978,12,2678
2.680004835128784,0,0,1320,5,46,975,15,2075
2.6900084018707275,0,0,1310,5,45,976,12,3138
2.700011730194092,0,0,1300,5,46,976,13,1945
2.7100064754486084,0,0,1290,5,45,906,16,1981
2.7200071811676025,0,0,1280,5,46,906,13,3059
2.730010986328125,0,0,1270,5,45,904,13,2940
2.7400057315826416,0,0,1260,5,45,906,13,2099
2.750009775161743,0,0,1250,5,46,905,13,1651
2.7600083351135254,0,0,1240,5,45,907,15,3009
2.770005702972412,0,0,1230,5,46,906,12,4039
2.7800092697143555,0,0,1220,5,46,905,12,1385
2.790006399154663,0,0,1210,5,45,905,14,3128
2.800009250640869,0,0,1200,5,46,906,13,2643
2.8100085258483887,0,0,1190,5,45,904,13,1784
2.8200066089630127,0,0,1180,5,46,836,12,2720
2.830008029937744,0,0,1170,5,45,838,14,2368
2.840010404586792,0,0,1160,5,45,837,13,3958
2.8500075340270996,0,0,1150,5,45,837,13,2012
2.8600106239318848,0,0,1140,5,46,835,14,3940
2.8700056076049805,0,0,1130,5,45,835,14,3512
2.880009889602661,0,0,1120,5,46,835,12,2406
2.8900113105773926,0,0,1110,5,46,836,12,3215
2.900007486343384,0,0,1100,5,45,835,12,2988
2.9100077152252197,0,0,1090,5,45,837,15,3141
2.9200093746185303,0,0,1080,5,46,834,11,3134
2.9300053119659424,0,0,1070,5,46,764,10,2586
2.94000506401062,0,0,1060,5,46,766,14,3352
2.9500107765197754,0,0,1050,5,45,764,12,3309
2.9600086212158203,0,0,1040,5,45,763,15,2575
2.9700069427490234,0,0,1030,5,46,765,13,2528
2.9800055027008057,0,0,1020,5,45,763,13,3164
2.9900076389312744,0,0,1010,5,45,763,13,1426
3.000009059906006,0,0,1000,5,45,765,11,2633
3.010007381439209,0,0,990,5,46,767,15,1930
3.0200061798095703,0,0,980,5,46,765,16,3629
3.03001070022583,0,0,970,5,46,765,11,2528
3.0400073528289795,0,0,960,5,46,688,12,2099
3.0500073432922363,0,0,950,5,45,690,13,2482
3.060004711151123,0,0,940,5,45,691,14,2765
3.070010185241699,0,0,930,5,45,690,11,3577
3.080009698867798,0,0,920,5,46,693,13,2319
3.090010643005371,0,0,910,5,46,690,16,4095
3.100010633468628,0,0,900,5,46,692,13,1891
3.110006093978882,0,0,890,5,45,690,9,2467
3.1200056076049805,0,0,880,5,45,692,15,3107
3.130006790161133,0,0,870,5,46,689,10,2127
3.1400108337402344,0,0,860,5,46,690,15,3720
3.1500048637390137,0,0,850,5,45,617,14,2932
3.1600089073181152,0,0,840,5,45,615,12,2179
3.1700074672698975,0,0,830,5,46,615,13,2750
3.1800079345703125,0,0,820,5,45,616,11,2705
3.190005302429199,0,0,810,5,46,615,15,1689
3.200004816055298,0,0,800,5,45,615,14,2998
3.2100086212158203,0,0,790,5,45,615,12,2632
3.220005989074707,0,0,780,5,45,617,13,3089
3.2300076484680176,0,0,770,5,45,615,11,2862
3.2400102615356445,0,0,760,5,45,617,12,3062
3.2500083446502686,0,0,750,5,45,590,11,3516
3.260010004043579,0,0,740,5,45,546,10,2303
3.270008087158203,0,0,730,5,45,547,14,3296
3.2800071239471436,0,0,720,5,46,546,12,3397
3.2900052070617676,0,0,710,5,45,545,10,2270
3.3000051975250244,0,0,700,5,46,547,13,4095
3.310011148452759,0,0,690,5,45,546,17,2956
3.3200106620788574,0,0,680,5,45,546,15,3086
3.3300106525421143,0,0,670,5,46,546,13,2726
3.3400115966796875,0,0,660,5,45,546,13,3481
3.350011110305786,0,0,650,5,45,545,13,3053
3.3600099086761475,0,0,640,5,45,496,8,3637
3.3700075149536133,0,0,630,5,45,481,13,2733
3.3800089359283447,0,0,620,5,46,479,11,1740
3.3900067806243896,0,0,610,5,45,480,16,2542
3.400007486343384,0,0,600,5,45,479,12,3203
3.4100089073181152,0,0,590,5,45,479,9,2143
3.4200079441070557,0,0,580,5,46,477,15,3113
3.4300119876861572,0,0,570,5,46,479,15,2391
3.4400076866149902,0,0,560,5,45,479,11,2131
3.4500057697296143,0,0,550,5,46,479,12,3987
3.460007429122925,0,0,540,5,45,480,14,3229
3.4700088500976562,0,0,530,5,46,428,16,3934
3.4800095558166504,0,0,520,5,46,415,11,2758
3.4900100231170654,0,0,510,5,46,415,14,2198
3.5000083446502686,0,0,500,5,45,416,17,3655
3.510004997253418,0,0,490,5,45,416,11,1858
3.5200109481811523,0,0,480,5,46,417,15,3301
3.53000545501709,0,0,470,5,46,415,14,3288
3.540008783340454,0,0,460,5,46,415,12,3495
3.550009250640869,0,0,450,5,46,414,14,2788
3.5600082874298096,0,0,440,5,46,417,9,3641
3.5700104236602783,0,0,430,5,46,417,12,2136
3.580007314682007,0,0,420,5,46,365,16,2424
3.5900111198425293,0,0,410,5,45,354,13,1661
3.6000101566314697,0,0,400,5,45,357,11,3893
3.6100099086761475,0,0,390,5,46,356,13,2798
3.620009183883667,0,0,380,5,45,356,12,3197
3.630005121231079,0,0,370,5,46,355,12,4095
3.6400110721588135,0,0,360,5,45,355,14,2528
3.650010108947754,0,0,350,5,45,355,14,4007
3.660008192062378,0,0,340,5,46,356,10,2388
3.6700077056884766,0,0,330,5,45,355,15,4095
3.6800081729888916,0,0,320,5,46,355,13,2894
3.690009593963623,0,0,310,5,45,309,11,2448
3.7000110149383545,0,0,300,5,46,302,13,3897
3.710007429122925,0,0,290,5,46,302,16,1765
3.72000789642334,0,0,280,5,46,302,15,3033
3.7300076484680176,0,0,270,5,46,302,12,4095
3.7400083541870117,0,0,260,5,46,300,8,1727
3.7500083446502686,0,0,250,5,46,303,17,3279
3.760009765625,0,0,240,5,46,303,12,2719
3.7700107097625732,0,0,230,5,45,303,15,0
3.7800071239471436,0,0,220,5,45,302,13,4095
3.7900094985961914,0,0,210,5,45,301,12,3479
3.8000082969665527,0,0,200,5,46,267,15,0
3.8100101947784424,0,0,190,5,46,263,10,2998
3.8200111389160156,0,0,180,5,46,263,15,1482
3.8300106525421143,0,0,170,5,46,265,14,3565
3.840008497238159,0,0,160,5,46,263,8,2194
3.8500077724456787,0,0,150,5,46,265,13,2610
3.8600103855133057,0,0,140,5,45,263,14,4095
3.870009183883667,0,0,130,5,45,264,12,2111
3.880007266998291,0,0,120,5,46,263,13,3285
3.890007495880127,0,0,110,5,46,263,8,4095
3.900005578994751,0,0,100,5,45,263,13,3624
3.910008192062378,0,0,90,5,46,244,14,4095
3.9200048446655273,0,0,80,5,45,244,12,1950
3.9300060272216797,0,0,70,5,46,245,16,3597
3.9400084018707275,0,0,60,5,45,244,14,2648
3.950009822845459,0,0,50,5,46,243,15,1684
3.960009813308716,0,0,40,5,46,246,12,2605
3.970008373260498,0,0,30,5,45,245,13,2166
3.980010509490967,0,0,20,5,45,244,17,2666
3.9900104999542236,0,0,10,5,45,244,12,2339
4.000006198883057,1,1800,0,5,46,246,17,913
4.010011196136475,1,1800,10,5,45,244,12,4095
4.020007848739624,1,1800,20,5,45,239,15,3265
4.030005693435669,1,1800,30,5,45,237,12,2254
4.040006875991821,1,1800,40,5,46,238,10,4076
4.050005197525024,1,1800,50,5,46,238,13,3287
4.0600056648254395,1,1800,60,5,45,238,12,794
4.070007085800171,1,1800,70,5,45,238,10,1291
4.080007314682007,1,1800,80,5,45,238,16,4095
4.090009689331055,1,1800,90,5,45,237,14,2988
4.100006103515625,1,1800,100,5,45,237,11,2257
4.110008001327515,1,1800,110,5,46,237,10,1891
4.120011329650879,1,1800,120,5,45,239,16,2309
4.130008935928345,1,1800,130,5,45,235,16,0
4.140011310577393,1,1800,140,5,46,237,12,1898
4.150010824203491,1,1800,150,5,46,238,17,1470
4.16000771522522,1,1800,160,5,45,236,14,4095
4.170005798339844,1,1800,170,5,46,237,6,2197
4.180005311965942,1,1800,180,5,45,237,12,787
4.190008878707886,1,1800,190,5,45,237,14,4095
4.200010299682617,1,1800,200,5,45,239,15,3616
4.210010051727295,1,1800,210,5,45,239,14,3515
4.220010995864868,1,1800,220,5,46,237,11,1653
4.230010271072388,1,1800,230,5,46,239,15,3635
4.24000883102417,1,1800,240,5,46,237,10,4095
4.25000524520874,1,1800,250,5,45,238,9,1837
4.260004997253418,1,1800,260,5,46,237,16,4095
4.270008563995361,1,1800,270,5,46,238,11,3416
4.280008554458618,1,1800,280,5,46,237,16,4001
4.290005922317505,1,1800,290,5,45,237,11,4095
4.300005674362183,1,1800,300,5,45,237,10,4095
4.310008525848389,1,1800,310,5,46,237,14,4048
4.320011138916016,1,1800,320,5,46,238,11,1845
4.330004930496216,1,1800,330,5,46,238,16,8
4.340008735656738,1,1800,340,5,45,236,14,4085
4.350007772445679,1,1800,350,5,46,238,13,1365
4.36000657081604,1,1800,360,5,46,239,10,885
4.370010614395142,1,1800,370,5,45,238,9,4095
4.380011320114136,1,1800,380,5,46,238,17,3702
4.390005350112915,1,1800,390,5,46,238,14,3054
4.400007247924805,1,1800,400,5,45,238,9,2709
4.410006999969482,1,1800,410,5,46,239,7,2823
4.420010805130005,1,1800,420,5,46,238,12,3744
4.43000602722168,1,1800,430,5,46,239,9,360
4.440009355545044,1,1800,440,5,46,240,13,3476
4.450008153915405,1,1800,450,5,46,239,8,3181
4.460008859634399,1,1800,460,5,45,248,15,2832
4.47000527381897,1,1800,470,5,46,248,13,3002
4.4800050258636475,1,1800,480,5,46,249,8,4095
4.490008592605591,1,1800,490,5,46,248,13,3550
4.5000081062316895,1,1800,500,5,45,247,11,2103
4.510006666183472,1,1800,510,5,45,246,11,1418
4.520009994506836,1,1800,520,5,46,247,8,4095
4.530011415481567,1,1800,530,5,46,248,15,3271
4.540010690689087,1,1800,540,5,45,247,17,3242
4.550010681152344,1,1800,550,5,46,251,9,2250
4.560006618499756,1,1800,560,5,45,249,17,1930
4.570006370544434,1,1800,570,5,45,280,15,4095
4.580005168914795,1,1800,580,5,45,280,12,2023
4.59000825881958,1,1800,590,5,45,281,9,2785
4.600005626678467,1,1800,600,5,46,280,15,4095
4.610008716583252,1,1800,610,5,45,279,14,553
4.6200103759765625,1,1800,620,5,45,280,11,2685
4.630007743835449,1,1800,630,5,45,280,9,3317
4.6400086879730225,1,1800,640,5,45,281,15,3743
4.650007247924805,1,1800,650,5,45,283,10,2085
4.66000771522522,1,1800,660,5,45,280,13,478
4.670011520385742,1,1800,670,5,46,278,16,3220
4.680009365081787,1,1800,680,5,45,336,14,1726
4.690007448196411,1,1800,690,5,46,336,15,456
4.700005292892456,1,1800,700,5,46,336,13,4095
4.710006952285767,1,1800,710,5,45,337,12,2784
4.720011472702026,1,1800,720,5,46,334,12,4095
4.730010032653809,1,1800,730,5,45,336,13,1983
4.740005970001221,1,1800,740,5,45,338,19,4095
4.750011682510376,1,1800,750,5,46,337,13,3533
4.7600109577178955,1,1800,760,5,46,335,15,0
4.77001166343689,1,1800,770,5,46,336,11,1490
4.78000807762146,1,1800,780,5,45,335,13,2185
4.790007591247559,1,1800,790,5,46,407,14,3404
4.800009489059448,1,1800,800,5,45,407,11,2990
4.810006618499756,1,1800,810,5,45,407,9,930
4.820006370544434,1,1800,820,5,46,408,16,3860
4.83000636100769,1,1800,830,5,46,408,16,993
4.840009927749634,1,1800,840,5,46,408,10,497
4.850005865097046,1,1800,850,5,45,408,14,4095
4.860011577606201,1,1800,860,5,45,406,15,3736
4.870010852813721,1,1800,870,5,46,405,15,4089
4.880007982254028,1,1800,880,5,46,406,10,1657
4.890007495880127,1,1800,890,5,45,457,20,2297
4.900004625320435,1,1800,900,5,46,483,15,3328
4.910011529922485,1,1800,910,5,46,484,12,2355
4.920010805130005,1,1800,920,5,46,485,11,4095
4.9300103187561035,1,1800,930,5,46,484,13,3297
4.9400084018707275,1,1800,940,5,46,485,16,2035
4.950010776519775,1,1800,950,5,46,485,9,1946
4.960008144378662,1,1800,960,5,45,484,8,2067
4.970010280609131,1,1800,970,5,45,485,17,4013
4.980006217956543,1,1800,980,5,45,484,10,2368
4.990007400512695,1,1800,990,5,45,486,14,2357
5.00000786781311,1,1800,1000,5,46,543,12,4095
5.0100061893463135,1,1800,1010,5,45,565,16,2455
5.020007610321045,1,1800,1020,5,45,564,12,1035
5.030008792877197,1,1800,1030,5,46,564,10,1428
5.040008783340454,1,1800,1040,5,45,565,16,2501
5.050009489059448,1,1800,1050,5,46,565,13,1007
5.060009956359863,1,1800,1060,5,45,564,15,3876
5.070007562637329,1,1800,1070,5,45,565,9,1432
5.080008506774902,1,1800,1080,5,45,565,13,3204
5.090007305145264,1,1800,1090,5,46,566,13,4040
5.100007057189941,1,1800,1100,5,46,564,9,1787
5.110006332397461,1,1800,1110,5,46,625,9,1337
5.120005130767822,1,1800,1120,5,46,641,16,4095
5.130007743835449,1,1800,1130,5,46,641,18,4095
5.140008449554443,1,1800,1140,5,45,641,12,1225
5.150008201599121,1,1800,1150,5,46,642,14,4095
5.1600072383880615,1,1800,1160,5,45,641,12,1932
5.170007705688477,1,1800,1170,5,45,642,12,274
5.180011034011841,1,1800,1180,5,46,642,8,1659
5.190008878707886,1,1800,1190,5,46,641,13,1640
5.200009346008301,1,1800,1200,5,46,642,15,3468
5.210009813308716,1,1800,1210,5,46,641,11,1683
5.220008373260498,1,1800,1220,5,45,707,22,4095
5.230007171630859,1,1800,1230,5,45,715,12,4095
5.2400062084198,1,1800,1240,5,46,714,11,452
5.2500081062316895,1,1800,1250,5,45,715,14,2245
5.260004758834839,1,1800,1260,5,46,716,8,1959
5.270005464553833,1,1800,1270,5,46,713,17,4095
5.280008554458618,1,1800,1280,5,46,714,15,3095
5.2900049686431885,1,1800,1290,5,46,715,10,2031
5.300010442733765,1,1800,1300,5,45,714,17,4095
5.31000828742981,1,1800,1310,5,45,715,15,1401
5.320010185241699,1,1800,1320,5,46,715,13,203
5.330008506774902,1,1800,1330,5,46,782,7,4095
5.340009927749634,1,1800,1340,5,45,786,13,1469
5.3500049114227295,1,1800,1350,5,46,788,13,2045
5.36000919342041,1,1800,1360,5,45,786,11,1563
5.370010852813721,1,1800,1370,5,46,787,21,1367
5.380007982254028,1,1800,1380,5,46,786,15,4095
5.3900063037872314,1,1800,1390,5,45,787,10,1448
5.4000084400177,1,1800,1400,5,46,786,12,1196
5.410011291503906,1,1800,1410,5,46,787,13,1547
5.4200074672698975,1,1800,1420,5,46,786,16,4095
5.430009365081787,1,1800,1430,5,46,785,14,4095
5.440007209777832,1,1800,1440,5,46,850,9,1039
5.450006008148193,1,1800,1450,5,46,855,12,3840
5.460009813308716,1,1800,1460,5,45,856,13,2614
5.470010042190552,1,1800,1470,5,46,854,12,1346
5.480007648468018,1,1800,1480,5,45,853,20,4095
5.490009069442749,1,1800,1490,5,46,855,12,2635
5.500007152557373,1,1800,1500,5,46,855,9,1032
5.510010004043579,1,1800,1510,5,46,855,14,2564
5.520004749298096,1,1800,1520,5,45,855,22,4095
5.53000807762146,1,1800,1530,5,46,855,13,3964
5.540008068084717,1,1800,1540,5,45,856,9,3062
5.550007343292236,1,1800,1550,5,46,914,11,605
5.560007572174072,1,1800,1560,5,46,917,16,4095
5.570006608963013,1,1800,1570,5,45,915,18,1473
5.580009698867798,1,1800,1580,5,46,915,8,3045
5.590008735656738,1,1800,1590,5,45,915,12,3125
5.600005149841309,1,1800,1600,5,45,916,17,2844
5.610006809234619,1,1800,1610,5,46,916,14,3974
5.6200056076049805,1,1800,1620,5,45,915,10,2497
5.630009889602661,1,1800,1630,5,45,914,20,1244
5.640009880065918,1,1800,1640,5,45,917,11,4095
5.6500115394592285,1,1800,1650,5,46,915,15,1886
5.660011291503906,1,1800,1660,5,45,970,9,3418
5.670006036758423,1,1800,1670,5,45,973,10,3212
5.680010080337524,1,1800,1680,5,45,973,18,4095
5.690006971359253,1,1800,1690,5,45,973,11,2316
5.700010061264038,1,1800,1700,5,46,972,14,1272
5.710010290145874,1,1800,1710,5,46,972,13,3652
5.7200095653533936,1,1800,1720,5,45,973,15,770
5.730008840560913,1,1800,1730,5,45,974,12,1585
5.740007162094116,1,1800,1740,5,45,972,10,4095
5.750010967254639,1,1800,1750,5,46,973,18,3936
5.760005950927734,1,1800,1760,5,46,974,14,4095
5.770009279251099,1,1800,1770,5,46,1029,10,2120
5.780010461807251,1,1800,1780,5,45,1029,21,1305
5.790007829666138,1,1800,1790,5,45,1030,17,4095
5.800011396408081,0,200,1800,5,45,1030,10,1276
5.810009956359863,0,200,1790,5,46,1028,11,3371
5.820007085800171,0,200,1780,5,46,1029,12,2281
5.830007314682007,0,200,1770,5,46,1029,16,4095
5.840007781982422,0,200,1760,5,46,1030,14,2248
5.8500096797943115,0,200,1750,5,45,1029,12,656
5.8600053787231445,0,200,1740,5,46,1029,16,4048
5.87000846862793,0,200,1730,5,45,1030,7,3305
5.8800084590911865,0,200,1720,5,46,1084,13,1074
5.890006065368652,0,200,1710,5,46,1086,14,4095
5.900011301040649,0,200,1700,5,46,1085,18,2823
5.910011291503906,0,200,1690,5,46,1085,13,3337
5.920009136199951,0,200,1680,5,46,1084,12,1571
5.930006980895996,0,200,1670,5,46,1086,11,1348
5.9400107860565186,0,200,1660,5,45,1086,12,2511
5.9500062465667725,0,200,1650,5,45,1083,16,0
5.960007667541504,0,200,1640,5,46,1085,18,2325
5.970010757446289,0,200,1630,5,45,1084,10,1164
5.980010271072388,0,200,1620,5,46,1085,14,4095
5.990006923675537,0,200,1610,5,45,1121,12,3190
6.0000059604644775,0,200,1600,5,46,1123,8,1744
6.010006666183472,0,200,1590,5,45,1123,16,4095
6.020008325576782,0,200,1580,5,46,1123,7,3539
6.030005216598511,0,200,1570,5,45,1122,8,1400
6.040008783340454,0,200,1560,5,46,1122,13,4095
6.050007581710815,0,200,1550,5,45,1123,15,2779
6.06000828742981,0,200,1540,5,46,1121,12,118
6.07000470161438,0,200,1530,5,46,1120,9,4095
6.080005645751953,0,200,1520,5,46,1122,12,2250
6.090009927749634,0,200,1510,5,45,1122,12,4095
6.100009441375732,0,200,1500,5,46,1081,11,1355
6.1100099086761475,0,200,1490,5,46,1080,22,996
6.120010137557983,0,200,1480,5,46,1078,14,2072
6.130010366439819,0,200,1470,5,46,1080,15,1169
6.140011548995972,0,200,1460,5,45,1081,11,2367
6.1500067710876465,0,200,1450,5,45,1081,13,1488
6.160009860992432,0,200,1440,5,45,1080,16,4095
6.170006275177002,0,200,1430,5,46,1080,17,327
6.180010795593262,0,200,1420,5,45,1080,18,1349
6.190009117126465,0,200,1410,5,46,1079,19,4095
6.200007438659668,0,200,1400,5,46,1081,12,3368
6.210009813308716,0,200,1390,5,46,998,12,78
6.220010280609131,0,200,1380,5,46,1000,9,4095
6.230005741119385,0,200,1370,5,46,999,12,4095
6.2400102615356445,0,200,1360,5,46,999,13,4095
6.250011444091797,0,200,1350,5,46,999,10,1929
6.260005950927734,0,200,1340,5,46,999,9,3516
6.270008325576782,0,200,1330,5,46,999,15,3277
6.280010938644409,0,200,1320,5,45,999,17,799
6.2900049686431885,0,200,1310,5,46,999,11,914
6.300009727478027,0,200,1300,5,45,1000,10,4095
6.310008764266968,0,200,1290,5,46,966,17,2742
6.320010423660278,0,200,1280,5,46,921,14,3243
6.330008268356323,0,200,1270,5,46,920,11,1404
6.34000825881958,0,200,1260,5,46,919,11,2210
6.350008964538574,0,200,1250,5,45,921,14,3395
6.360010385513306,0,200,1240,5,46,921,15,3602
6.370006561279297,0,200,1230,5,46,922,10,1071
6.380005359649658,0,200,1220,5,46,920,13,2338
6.3900063037872314,0,200,1210,5,46,920,16,2597
6.400008201599121,0,200,1200,5,46,921,11,3475
6.410006284713745,0,200,1190,5,46,921,11,3989
6.420010089874268,0,200,1180,5,46,880,17,4095
6.4300079345703125,0,200,1170,5,46,846,10,2863
6.44000506401062,0,200,1160,5,45,846,7,966
6.450006484985352,0,200,1150,5,46,846,17,4095
6.460008859634399,0,200,1140,5,46,847,16,2064
6.4700117111206055,0,200,1130,5,46,846,13,2865
6.480010032653809,0,200,1120,5,46,845,9,3293
6.490008592605591,0,200,1110,5,45,847,13,1344
6.500009775161743,0,200,1100,5,46,846,12,1901
6.510010719299316,0,200,1090,5,45,843,14,2432
6.520005226135254,0,200,1080,5,46,845,17,1041
6.530009031295776,0,200,1070,5,46,799,11,2240
6.5400073528289795,0,200,1060,5,45,772,7,1346
6.550007343292236,0,200,1050,5,45,773,12,3735
6.560009717941284,0,200,1040,5,45,773,11,2935
6.570011138916016,0,200,1030,5,46,773,21,1435
6.580009698867798,0,200,1020,5,46,772,13,739
6.590011119842529,0,200,1010,5,46,773,13,0
6.600006341934204,0,200,1000,5,46,772,14,1972
6.610008478164673,0,200,990,5,45,772,16,1598
6.620009660720825,0,200,980,5,46,772,12,2272
6.630007743835449,0,200,970,5,46,771,9,1115
6.640005350112915,0,200,960,5,45,707,17,1841
6.650009870529175,0,200,950,5,46,696,14,2887
6.660011529922485,0,200,940,5,45,695,10,1356
6.670010328292847,0,200,930,5,46,696,19,4095
6.680007696151733,0,200,920,5,46,696,14,4095
6.690006732940674,0,200,910,5,46,697,13,1569
6.700010776519775,0,200,900,5,44,698,17,2777
6.710011005401611,0,200,890,5,46,697,10,1473
6.720007658004761,0,200,880,5,46,698,13,4095
6.730006694793701,0,200,870,5,46,697,12,3231
6.740010738372803,0,200,860,5,45,696,13,818
6.750005722045898,0,200,850,5,46,629,18,4095
6.760004997253418,0,200,840,5,45,619,14,3173
6.770007133483887,0,200,830,5,46,619,12,1186
6.780005216598511,0,200,820,5,46,620,17,4095
6.7900097370147705,0,200,810,5,45,618,14,4095
6.800011396408081,0,200,800,5,45,620,13,1075
6.810007095336914,0,200,790,5,45,619,9,1918
6.82000994682312,0,200,780,5,45,619,18,2936
6.830007076263428,0,200,770,5,45,620,13,885
6.840006351470947,0,200,760,5,46,619,11,613
6.850008726119995,0,200,750,5,46,619,21,4095
6.8600075244903564,0,200,740,5,45,552,12,4010
6.870010137557983,0,200,730,5,46,545,15,4095
6.880005121231079,0,200,720,5,45,544,13,2026
6.890005826950073,0,200,710,5,46,545,11,2085
6.900005340576172,0,200,700,5,46,546,16,822
6.910011053085327,0,200,690,5,46,547,8,3295
6.920008182525635,0,200,680,5,46,548,11,965
6.930007457733154,0,200,670,5,46,546,20,4095
6.940010070800781,0,200,660,5,46,546,7,3063
6.950009107589722,0,200,650,5,46,547,13,3221
6.960006237030029,0,200,640,5,46,547,10,4095
6.9700071811676025,0,200,630,5,46,482,13,3214
6.98000693321228,0,200,620,5,45,477,13,719
6.990009069442749,0,200,610,5,45,478,13,1813
7.000009775161743,0,200,600,5,46,477,19,573
7.010005474090576,0,200,590,5,46,477,16,4095
7.020009517669678,0,200,580,5,46,476,12,2579
7.030007362365723,0,200,570,5,46,478,13,2217
7.040006399154663,0,200,560,5,45,477,10,4095
7.050005197525024,0,200,550,5,46,477,16,714
7.060007810592651,0,200,540,5,46,478,11,1715
7.070008754730225,0,200,530,5,46,477,13,858
7.080006837844849,0,200,520,5,46,414,14,4095
7.0900092124938965,0,200,510,5,46,413,8,2409
7.100008249282837,0,200,500,5,46,413,9,1891
7.110007047653198,0,200,490,5,46,411,11,4095
7.120006322860718,0,200,480,5,46,413,15,3162
7.130008220672607,0,200,470,5,45,413,13,0
7.140005111694336,0,200,460,5,46,413,12,2958
7.150009870529175,0,200,450,5,46,412,20,1531
7.16000771522522,0,200,440,5,46,412,16,4095
7.170009613037109,0,200,430,5,45,411,10,1555
7.18000602722168,0,200,420,5,46,411,13,799
7.190009117126465,0,200,410,5,45,354,14,4095
7.2000086307525635,0,200,400,5,46,352,16,1745
7.210005283355713,0,200,390,5,46,350,11,1505
7.220006465911865,0,200,380,5,45,351,7,924
7.230007886886597,0,200,370,5,46,351,18,4095
7.2400078773498535,0,200,360,5,46,351,13,2489
7.250004768371582,0,200,350,5,45,353,7,1817
7.260005474090576,0,200,340,5,46,350,17,4095
7.270004749298096,0,200,330,5,46,351,12,3853
7.28000545501709,0,200,320,5,46,350,13,1221
7.290005683898926,0,200,310,5,46,352,10,4095
7.300008296966553,0,200,300,5,45,297,12,2346
7.3100080490112305,0,200,290,5,46,298,15,0
7.320008754730225,0,200,280,5,45,296,12,2112
7.3300089836120605,0,200,270,5,45,296,21,1959
7.340008974075317,0,200,260,5,46,297,16,3839
7.350008726119995,0,200,250,5,45,298,7,1876
7.360011100769043,0,200,240,5,45,297,14,3469
7.370006084442139,0,200,230,5,46,297,12,3443
7.380005121231079,0,200,220,5,46,297,16,4095
7.390007972717285,0,200,210,5,46,298,14,2592
7.400008678436279,1,1600,200,5,46,296,8,4095
7.410008668899536,1,1600,210,5,46,258,16,3662
7.420005559921265,1,1600,220,5,46,257,9,3824
7.430008888244629,1,1600,230,5,46,260,9,1472
7.44000506401062,1,1600,240,5,46,259,18,4095
7.4500110149383545,1,1600,250,5,46,257,13,2535
7.460007190704346,1,1600,260,5,46,259,9,1992
7.470008373260498,1,1600,270,5,46,260,10,4095
7.480010509490967,1,1600,280,5,45,259,12,3736
7.490007638931274,1,1600,290,5,46,257,15,1637
7.500009298324585,1,1600,300,5,46,258,12,2482
7.510010004043579,1,1600,310,5,46,258,21,4095
7.520008325576782,1,1600,320,5,46,239,13,3723
7.530009031295776,1,1600,330,5,45,241,12,3762
7.540005207061768,1,1600,340,5,45,240,12,1574
7.550004720687866,1,1600,350,5,45,241,9,3528
7.560004949569702,1,1600,360,5,45,240,19,4095
7.570011138916016,1,1600,370,5,46,240,14,3929
7.5800065994262695,1,1600,380,5,45,241,13,1235
7.590006113052368,1,1600,390,5,45,240,17,4095
7.6000049114227295,1,1600,400,5,46,242,14,4095
7.61000657081604,1,1600,410,5,45,239,12,2706
7.6200079917907715,1,1600,420,5,46,242,9,2308
7.6300084590911865,1,1600,430,5,46,240,15,3082
7.640010118484497,1,1600,440,5,45,240,16,3718
7.65001106262207,1,1600,450,5,46,240,10,2147
7.660011291503906,1,1600,460,5,46,240,19,958
7.670006990432739,1,1600,470,5,46,241,13,4095
7.680005311965942,1,1600,480,5,46,239,12,1939
7.690011262893677,1,1600,490,5,45,240,11,4095
7.700011491775513,1,1600,500,5,45,241,10,3405
7.710008382797241,1,1600,510,5,46,240,14,1587
7.720006465911865,1,1600,520,5,46,239,12,1677
7.730006456375122,1,1600,530,5,45,242,7,3064
7.740005970001221,1,1600,540,5,46,256,15,2792
7.750008821487427,1,1600,550,5,46,256,11,3464
7.760010242462158,1,1600,560,5,46,257,10,868
7.770005702972412,1,1600,570,5,45,257,16,1836
7.780006408691406,1,1600,580,5,46,256,12,4095
7.790008068084717,1,1600,590,5,46,256,10,2644
7.800008296966553,1,1600,600,5,46,257,10,3068
7.810007333755493,1,1600,610,5,46,258,11,2215
7.820010662078857,1,1600,620,5,46,258,15,0
7.830009937286377,1,1600,630,5,46,257,12,2231
7.840007305145264,1,1600,640,5,46,272,18,342
7.850008010864258,1,1600,650,5,47,302,15,4095
7.860005140304565,1,1600,660,5,46,305,8,2221
7.8700110912323,1,1600,670,5,46,302,13,3445
7.880006313323975,1,1600,680,5,45,303,15,4095
7.890008926391602,1,1600,690,5,46,303,15,3455
7.900008201599121,1,1600,700,5,46,303,14,2611
7.910010576248169,1,1600,710,5,46,303,9,484
7.920008659362793,1,1600,720,5,46,301,16,4095
7.93000864982605,1,1600,730,5,46,302,9,1547
7.940007209777832,1,1600,740,5,46,304,10,1094
7.9500062465667725,1,1600,750,5,46,332,13,2617
7.960007190704346,1,1600,760,5,45,371,13,3096
7.970011949539185,1,1600,770,5,46,373,15,4022
7.980005502700806,1,1600,780,5,46,371,13,3394
7.990007400512695,1,1600,790,5,46,373,10,1022
8.000006198883057,1,1600,800,5,46,372,16,4095
8.010006189346313,1,1600,810,5,46,372,8,2207
8.02000880241394,1,1600,820,5,46,373,16,1650
8.03000521659851,1,1600,830,5,46,370,13,4095
8.040010452270508,1,1600,840,5,45,370,16,3355
8.050008535385132,1,1600,850,5,46,372,14,3289
8.060011625289917,1,1600,860,5,46,415,6,4095
8.070005893707275,1,1600,870,5,45,450,15,3701
8.080008745193481,1,1600,880,5,46,451,13,4095
8.09000539779663,1,1600,890,5,46,449,10,2623
8.100007057189941,1,1600,900,5,45,448,15,2327
8.110009908676147,1,1600,910,5,45,449,12,3296
8.120010137557983,1,1600,920,5,46,450,11,0
8.13000774383545,1,1600,930,5,46,449,12,4095
8.140005588531494,1,1600,940,5,46,449,12,2746
8.150010108947754,1,1600,950,5,45,450,16,0
8.160006046295166,1,1600,960,5,46,449,10,3169
8.170008659362793,1,1600,970,5,46,517,17,4095
8.180006504058838,1,1600,980,5,46,530,14,3862
8.190007209777832,1,1600,990,5,46,530,11,2300
8.200005292892456,1,1600,1000,5,45,531,12,573
8.210010051727295,1,1600,1010,5,46,530,11,3810
8.220006465911865,1,1600,1020,5,46,528,11,3157
8.23000693321228,1,1600,1030,5,45,529,9,4029
8.240004777908325,1,1600,1040,5,46,528,6,2539
8.250006675720215,1,1600,1050,5,46,528,14,4095
8.260010242462158,1,1600,1060,5,45,531,14,3175
8.270007371902466,1,1600,1070,5,46,531,12,1693
8.280006408691406,1,1600,1080,5,45,596,12,4095
8.290010929107666,1,1600,1090,5,46,609,12,2364
8.30000925064087,1,1600,1100,5,45,609,16,1017
8.310009002685547,1,1600,1110,5,46,608,11,2895
8.320006370544434,1,1600,1120,5,46,607,10,2803
8.33000659942627,1,1600,1130,5,45,610,16,3224
8.340009927749634,1,1600,1140,5,45,610,11,1878
8.350011110305786,1,1600,1150,5,46,608,12,2974
8.360005378723145,1,1600,1160,5,46,608,14,3884
8.370004653930664,1,1600,1170,5,46,608,14,2449
8.380009651184082,1,1600,1180,5,46,609,17,1753
8.390008926391602,1,1600,1190,5,45,673,9,4095
8.40000867843628,1,1600,1200,5,46,683,16,2613
8.410006761550903,1,1600,1210,5,46,683,15,4095
8.42000937461853,1,1600,1220,5,45,680,12,1081
8.430007696151733,1,1600,1230,5,46,682,16,4095
8.440009832382202,1,1600,1240,5,46,683,14,3971
8.450009107589722,1,1600,1250,5,46,681,15,4095
8.460006475448608,1,1600,1260,5,45,682,13,4095
8.470011472702026,1,1600,1270,5,46,683,17,1066
8.480010747909546,1,1600,1280,5,46,682,14,4095
8.49001145362854,1,1600,1290,5,46,682,11,1920
8.500009536743164,1,1600,1300,5,46,747,16,536
8.510010957717896,1,1600,1310,5,46,754,16,2673
8.520007610321045,1,1600,1320,5,46,753,14,1592
8.530007123947144,1,1600,1330,5,45,756,15,2838
8.540011167526245,1,1600,1340,5,46,755,6,4095
8.550004959106445,1,1600,1350,5,46,753,14,3659
8.560009002685547,1,1600,1360,5,46,752,14,3435
8.570007085800171,1,1600,1370,5,46,755,12,3626
8.580011367797852,1,1600,1380,5,46,754,10,1528
8.590010404586792,1,1600,1390,5,46,754,15,2847
8.600009679794312,1,1600,1400,5,45,754,17,4095
8.610005378723145,1,1600,1410,5,46,821,12,1890
8.620009899139404,1,1600,1420,5,46,823,15,1815
8.630007982254028,1,1600,1430,5,46,824,16,4059
8.640010118484497,1,1600,1440,5,46,821,13,2345
8.650009393692017,1,1600,1450,5,46,825,18,371
8.660005807876587,1,1600,1460,5,46,824,15,3219
8.67000961303711,1,1600,1470,5,46,823,12,2053
8.68001103401184,1,1600,1480,5,46,822,14,869
8.69001030921936,1,1600,1490,5,46,825,10,3202
8.7000093460083,1,1600,1500,5,46,824,13,2282
8.710005521774292,1,1600,1510,5,46,823,15,3069
8.720010757446289,1,1600,1520,5,46,886,9,1421
8.730008602142334,1,1600,1530,5,46,886,16,3138
8.740007638931274,1,1600,1540,5,46,888,13,4095
8.750009298324585,1,1600,1550,5,46,888,13,2554
8.760009288787842,1,1600,1560,5,46,887,13,4095
8.77000617980957,1,1600,1570,5,46,886,15,3323
8.780006885528564,1,1600,1580,5,46,888,12,1657
8.790008068084717,1,1600,1590,5,46,887,12,2087
8.800011396408081,0,400,1600,5,46,885,10,1017
8.81000828742981,0,400,1590,5,46,888,15,3582
8.820007562637329,0,400,1580,5,45,888,5,1477
8.830010414123535,0,400,1570,5,46,944,11,450
8.840005159378052,0,400,1560,5,45,946,16,3848
8.85000467300415,0,400,1550,5,46,947,11,2752
8.860008478164673,0,400,1540,5,46,946,13,3072
8.870011329650879,0,400,1530,5,46,944,11,4095
8.880009174346924,0,400,1520,5,46,945,16,3198
8.890006303787231,0,400,1510,5,45,949,14,389
8.900010824203491,0,400,1500,5,46,946,12,1928
8.910007953643799,0,400,1490,5,46,945,16,2142
8.920008659362793,0,400,1480,5,46,947,14,4095
8.930005073547363,0,400,1470,5,46,946,10,2113
8.940006494522095,0,400,1460,5,46,1001,13,4095
8.950010061264038,0,400,1450,5,46,999,17,995
8.960004806518555,0,400,1440,5,46,999,14,1503
8.970010042190552,0,400,1430,5,46,1000,10,3028
8.980008602142334,0,400,1420,5,46,1000,14,879
8.990005493164062,0,400,1410,5,45,1000,14,3314
9.00000786781311,0,400,1400,5,45,1001,11,2138
9.010010242462158,0,400,1390,5,45,1000,14,1996
9.020010948181152,0,400,1380,5,46,1000,16,4095
9.030010461807251,0,400,1370,5,46,999,14,3118
9.040005683898926,0,400,1360,5,46,1001,15,0
9.050010204315186,0,400,1350,5,45,999,11,2036
9.060009479522705,0,400,1340,5,46,1002,15,3800
9.070005893707275,0,400,1330,5,46,1001,13,3925
9.08000659942627,0,400,1320,5,46,1000,13,1897
9.090006828308105,0,400,1310,5,46,1003,18,4095
9.100008487701416,0,400,1300,5,46,1000,16,2983
9.110005378723145,0,400,1290,5,46,1002,14,1945
9.120005369186401,0,400,1280,5,46,999,14,876
9.130008220672607,0,400,1270,5,46,1000,9,2759
9.140008449554443,0,400,1260,5,46,1000,15,3094
9.150007963180542,0,400,1250,5,46,1001,12,4046
9.160006284713745,0,400,1240,5,45,925,12,1924
9.170007467269897,0,400,1230,5,46,923,14,3679
9.180007934570312,0,400,1220,5,45,926,14,2742
9.190009117126465,0,400,1210,5,46,927,17,1106
9.200007438659668,0,400,1200,5,46,925,12,2441
9.210010528564453,0,400,1190,5,46,924,14,1921
9.220010757446289,0,400,1180,5,46,924,13,4061
9.230006217956543,0,400,1170,5,46,924,13,3589
9.240010023117065,0,400,1160,5,45,926,11,4095
9.250007629394531,0,400,1150,5,46,926,13,2881
9.260007381439209,0,400,1140,5,46,924,10,2137
9.270007371902466,0,400,1130,5,45,841,13,1821
9.280005931854248,0,400,1120,5,45,840,16,4095
9.29000973701477,0,400,1110,5,46,840,14,3270
9.300005435943604,0,400,1100,5,46,840,11,3412
9.310009479522705,0,400,1090,5,46,841,11,1376
9.320005178451538,0,400,1080,5,46,840,13,2509
9.33000659942627,0,400,1070,5,46,838,12,4095
9.34001088142395,0,400,1060,5,46,840,8,2340
9.35000491142273,0,400,1050,5,46,839,10,4095
9.360011100769043,0,400,1040,5,46,840,11,2741
9.370004653930664,0,400,1030,5,46,840,12,2972
9.380009889602661,0,400,1020,5,45,758,12,1987
9.390008449554443,0,400,1010,5,46,755,17,2230
9.4000084400177,0,400,1000,5,46,756,15,4054
9.410008668899536,0,400,990,5,46,756,10,1315
9.42000675201416,0,400,980,5,46,758,13,2617
9.430010318756104,0,400,970,5,46,757,10,2795
9.440006971359253,0,400,960,5,46,757,13,2768
9.450011014938354,0,400,950,5,46,756,12,2860
9.46001148223877,0,400,940,5,46,757,13,1783
9.470006704330444,0,400,930,5,46,756,14,3659
9.480010986328125,0,400,920,5,46,732,12,2116
9.49000859260559,0,400,910,5,46,673,11,2200
9.500010967254639,0,400,900,5,46,672,15,4095
9.510006427764893,0,400,890,5,45,674,13,2749
9.52000641822815,0,400,880,5,46,675,10,2366
9.53000807762146,0,400,870,5,46,674,14,2907
9.540010929107666,0,400,860,5,46,672,17,2317
9.550005197525024,0,400,850,5,46,675,16,0
9.560005187988281,0,400,840,5,46,674,10,3533
9.570009231567383,0,400,830,5,46,675,13,3081
9.580007553100586,0,400,820,5,46,675,12,3575
9.590010404586792,0,400,810,5,46,638,13,2750
9.600009679794312,0,400,800,5,46,599,10,2430
9.610011339187622,0,400,790,5,46,596,12,2428
9.620008945465088,0,400,780,5,46,596,15,3542
9.63001012802124,0,400,770,5,46,597,11,3220
9.640011310577393,0,400,760,5,46,599,10,1710
9.65001106262207,0,400,750,5,46,598,15,4064
9.660009860992432,0,400,740,5,46,597,11,1162
9.67000961303711,0,400,730,5,45,597,13,1251
9.68000602722168,0,400,720,5,46,596,16,3705
9.690007209777832,0,400,710,5,46,595,14,3032
9.700005054473877,0,400,700,5,45,538,12,0
9.71001148223877,0,400,690,5,46,522,12,3079
9.720005512237549,0,400,680,5,45,522,13,1670
9.730006456375122,0,400,670,5,45,521,14,3074
9.740010023117065,0,400,660,5,46,522,12,2742
9.750005960464478,0,400,650,5,46,523,14,1795
9.760007858276367,0,400,640,5,46,522,13,2066
9.770004987716675,0,400,630,5,46,524,7,2101
9.780006408691406,0,400,620,5,45,524,14,2481
9.790007829666138,0,400,610,5,46,522,12,4095
9.80000638961792,0,400,600,5,45,522,14,3046
9.810004711151123,0,400,590,5,46,463,13,3441
9.8200101852417,0,400,580,5,46,453,13,1686
9.830010175704956,0,400,570,5,46,449,13,3932
9.840008974075317,0,400,560,5,46,451,14,2652
9.850010871887207,0,400,550,5,46,451,16,2394
9.860010147094727,0,400,540,5,46,450,13,2747
9.870006561279297,0,400,530,5,45,451,11,3051
9.880005121231079,0,400,520,5,46,452,15,2412
9.890007019042969,0,400,510,5,45,450,12,2445
9.900005578994751,0,400,500,5,46,449,14,2674
9.91001033782959,0,400,490,5,46,451,13,3648
9.92000699043274,0,400,480,5,45,392,10,2002
9.930009841918945,0,400,470,5,46,385,11,2284
9.9400053024292,0,400,460,5,45,384,14,3026
9.950009107589722,0,400,450,5,46,383,14,2644
9.960010528564453,0,400,440,5,46,383,12,2263
9.970008134841919,0,400,430,5,45,383,13,1557
9.980007886886597,0,400,420,5,46,382,14,2643
9.990006685256958,0,400,410,5,46,383,12,3201
10.00000524520874,1,1400,400,5,46,381,14,2483
10.010009288787842,1,1400,410,5,46,381,15,3513
10.020005702972412,1,1400,420,5,45,384,15,3115
10.030008792877197,1,1400,430,5,46,324,14,1797
10.040010452270508,1,1400,440,5,46,322,13,2726
10.050005435943604,1,1400,450,5,46,322,14,2557
10.060009956359863,1,1400,460,5,46,322,13,2860
10.070008039474487,1,1400,470,5,46,325,10,2688
10.08000659942627,1,1400,480,5,45,321,14,3590
10.090006351470947,1,1400,490,5,45,322,14,2873
10.100006103515625,1,1400,500,5,46,321,11,3169
10.110011100769043,1,1400,510,5,45,323,11,2855
10.12000823020935,1,1400,520,5,46,322,13,1082
10.130008220672607,1,1400,530,5,46,321,14,2347
10.140011072158813,1,1400,540,5,45,279,12,2745
10.150010108947754,1,1400,550,5,46,277,12,3024
10.160006046295166,1,1400,560,5,46,278,13,2212
10.170008659362793,1,1400,570,5,45,279,14,2828
10.18000864982605,1,1400,580,5,46,276,13,2433
10.19001054763794,1,1400,590,5,45,276,11,1750
10.200007438659668,1,1400,600,5,46,277,14,3134
10.2100088596344,1,1400,610,5,46,276,14,3312
10.22000503540039,1,1400,620,5,45,276,13,3234
10.230006217956543,1,1400,630,5,45,277,15,2337
10.240009784698486,1,1400,640,5,46,278,13,3681
10.25000524520874,1,1400,650,5,46,283,10,2293
10.260011196136475,1,1400,660,5,46,282,12,2563
10.270010471343994,1,1400,670,5,46,284,11,2739
10.280009269714355,1,1400,680,5,46,283,13,2622
10.2900071144104,1,1400,690,5,45,285,12,1964
10.300005912780762,1,1400,700,5,46,283,12,3259
10.310007095336914,1,1400,710,5,46,284,13,3054
10.320005655288696,1,1400,720,5,46,283,12,2103
10.330010890960693,1,1400,730,5,46,284,13,2473
10.340008735656738,1,1400,740,5,46,283,13,3592
10.350009679794312,1,1400,750,5,45,283,12,2644
10.360006093978882,1,1400,760,5,46,346,15,3074
10.370009660720825,1,1400,770,5,46,348,14,2289
10.380007266998291,1,1400,780,5,46,347,14,2981
10.39000678062439,1,1400,790,5,45,349,12,2774
10.40001130104065,1,1400,800,5,46,348,13,2909
10.41001009941101,1,1400,810,5,46,348,14,2920
10.420005559921265,1,1400,820,5,46,347,14,2851
10.43000864982605,1,1400,830,5,45,347,11,1827
10.440005779266357,1,1400,840,5,46,348,13,2223
10.450008153915405,1,1400,850,5,45,347,11,2571
10.460009813308716,1,1400,860,5,46,346,12,2933
10.470011472702026,1,1400,870,5,46,427,13,3150
10.480005025863647,1,1400,880,5,46,427,12,1576
10.490005016326904,1,1400,890,5,46,426,12,3623
10.50001072883606,1,1400,900,5,46,428,13,2640
10.510010719299316,1,1400,910,5,46,428,11,2875
10.520006895065308,1,1400,920,5,46,428,12,3261
10.530007123947144,1,1400,930,5,46,427,13,2989
10.540008544921875,1,1400,940,5,46,428,13,3234
10.550011157989502,1,1400,950,5,46,428,10,1999
10.560009002685547,1,1400,960,5,45,429,15,2403
10.570007085800171,1,1400,970,5,46,428,13,2724
10.580008029937744,1,1400,980,5,46,508,14,3520
10.590006589889526,1,1400,990,5,46,511,13,3077
10.600006818771362,1,1400,1000,5,46,512,12,3193
10.61000943183899,1,1400,1010,5,46,513,15,3302
10.620007991790771,1,1400,1020,5,46,512,15,2837
10.630009174346924,1,1400,1030,5,45,511,13,2093
10.640010833740234,1,1400,1040,5,46,511,13,3143
10.650007009506226,1,1400,1050,5,46,512,11,3496
10.660005569458008,1,1400,1060,5,46,511,12,2534
10.67000961303711,1,1400,1070,5,46,512,13,2914
10.680005550384521,1,1400,1080,5,46,511,14,2354
10.690008640289307,1,1400,1090,5,45,591,13,3190
10.700006484985352,1,1400,1100,5,46,591,12,2514
10.710007429122925,1,1400,1110,5,45,591,12,3212
10.720007181167603,1,1400,1120,5,46,591,12,2698
10.730009317398071,1,1400,1130,5,45,591,12,2472
10.740006446838379,1,1400,1140,5,46,592,13,3253
10.750010013580322,1,1400,1150,5,46,592,13,2327
10.760010242462158,1,1400,1160,5,46,593,13,2428
10.77000904083252,1,1400,1170,5,45,592,11,3308
10.780008792877197,1,1400,1180,5,46,591,14,2126
10.790008544921875,1,1400,1190,5,46,592,14,2113
10.80000925064087,1,1400,1200,5,46,668,12,3643
10.81000804901123,1,1400,1210,5,46,670,15,2889
10.820011615753174,1,1400,1220,5,46,669,12,2739
10.830005168914795,1,1400,1230,5,46,670,13,3068
10.840006589889526,1,1400,1240,5,46,670,13,2289
10.850008249282837,1,1400,1250,5,46,669,11,2917
10.860007047653198,1,1400,1260,5,46,669,15,2339
10.870007991790771,1,1400,1270,5,46,669,13,2827
10.880009174346924,1,1400,1280,5,46,670,13,3053
10.890007972717285,1,1400,1290,5,46,671,12,2584
10.900009393692017,1,1400,1300,5,46,669,14,2970
10.910008192062378,1,1400,1310,5,46,744,13,2747
10.92000937461853,1,1400,1320,5,46,744,12,2959
10.93000841140747,1,1400,1330,5,46,746,11,2406
10.940011501312256,1,1400,1340,5,45,747,13,2384
10.950010299682617,1,1400,1350,5,46,746,12,2463
10.96000862121582,1,1400,1360,5,45,746,11,2663
10.970008134841919,1,1400,1370,5,46,746,14,2219
10.980011224746704,1,1400,1380,5,46,745,13,2578
10.990011215209961,1,1400,1390,5,46,746,12,2896
11.000008344650269,0,600,1400,5,46,745,12,2469
11.010005235671997,0,600,1390,5,46,746,12,2533
11.020008325576782,0,600,1380,5,46,817,13,2513
11.03001070022583,0,600,1370,5,45,818,12,2230
11.04000973701477,0,600,1360,5,46,818,14,3241
11.050006866455078,0,600,1350,5,46,817,12,2528
11.06001091003418,0,600,1340,5,46,817,11,2166
11.070008754730225,0,600,1330,5,45,819,14,3094
11.080010652542114,0,600,1320,5,46,817,13,2408
11.090008974075317,0,600,1310,5,46,819,12,2274
11.100011348724365,0,600,1300,5,45,820,12,2429
11.110010147094727,0,600,1290,5,46,819,13,2859
11.120008707046509,0,600,1280,5,46,856,13,2823
11.130007982254028,0,600,1270,5,46,881,11,2856
11.140004873275757,0,600,1260,5,46,880,13,2719
11.150009870529175,0,600,1250,5,46,883,13,2331
11.160009860992432,0,600,1240,5,46,880,12,2466
11.170005321502686,0,600,1230,5,46,881,13,3246
11.180010080337524,0,600,1220,5,45,882,13,2431
11.190011024475098,0,600,1210,5,46,883,14,3067
11.200010538101196,0,600,1200,5,46,880,13,3213
11.210005521774292,0,600,1190,5,46,881,12,2670
11.220005512237549,0,600,1180,5,46,880,14,2502
11.23000717163086,0,600,1170,5,46,890,12,2223
11.240009546279907,0,600,1160,5,46,891,13,2493
11.250010013580322,0,600,1150,5,46,893,13,2993
11.260005712509155,0,600,1140,5,46,894,13,2475
11.270005464553833,0,600,1130,5,46,891,15,3302
11.280005931854248,0,600,1120,5,45,890,12,2680
11.290011405944824,0,600,1110,5,46,891,12,2819
11.300005435943604,0,600,1100,5,46,892,14,2590
11.31000804901123,0,600,1090,5,45,892,15,3245
11.320005655288696,0,600,1080,5,45,892,12,2231
11.33000659942627,0,600,1070,5,46,892,12,2410
11.340008020401001,0,600,1060,5,46,838,13,2476
11.35000491142273,0,600,1050,5,46,821,13,3003
11.360009670257568,0,600,1040,5,46,820,13,2779
11.37001085281372,0,600,1030,5,46,820,14,2727
11.380010843276978,0,600,1020,5,45,819,13,2578
11.390010356903076,0,600,1010,5,46,823,11,2094
11.400007486343384,0,600,1000,5,46,820,11,2325
11.410011053085327,0,600,990,5,46,821,13,2820
11.420010328292847,0,600,980,5,46,821,16,2988
11.430005311965942,0,600,970,5,46,821,11,2753
11.440008878707886,0,600,960,5,45,821,12,2879
11.450007200241089,0,600,950,5,45,742,14,2950
11.4600088596344,0,600,940,5,45,734,12,2895
11.470007181167603,0,600,930,5,46,733,12,3189
11.480007410049438,0,600,920,5,46,734,11,1827
11.490005493164062,0,600,910,5,46,734,13,3629
11.500005006790161,0,600,900,5,46,733,14,3091
11.510010004043579,0,600,890,5,46,732,14,2386
11.520007371902466,0,600,880,5,47,734,14,2256
11.530004978179932,0,600,870,5,45,732,13,2930
11.540007591247559,0,600,860,5,46,732,11,2642
11.550008296966553,0,600,850,5,46,733,12,2244
11.560006618499756,0,600,840,5,46,655,11,3174
11.570006847381592,0,600,830,5,45,649,12,2748
11.58000898361206,0,600,820,5,46,647,13,2382
11.59000539779663,0,600,810,5,46,650,14,2364
11.600006103515625,0,600,800,5,46,649,11,3121
11.610010147094727,0,600,790,5,46,648,12,1896
11.62000823020935,0,600,780,5,46,649,13,3010
11.630008459091187,0,600,770,5,45,650,12,2833
11.64000940322876,0,600,760,5,45,650,14,1791
11.65000867843628,0,600,750,5,46,649,12,2885
11.660008430480957,0,600,740,5,46,648,13,2620
11.670007705688477,0,600,730,5,46,574,13,2623
11.68001103401184,0,600,720,5,46,568,12,2586
11.690008163452148,0,600,710,5,46,569,13,2958
11.700005054473877,0,600,700,5,46,568,15,3138
11.71000623703003,0,600,690,5,46,569,13,2716
11.720008134841919,0,600,680,5,46,570,10,2677
11.730008125305176,0,600,670,5,45,569,14,3136
11.740005016326904,0,600,660,5,46,568,13,2569
11.750007390975952,0,600,650,5,46,567,13,2843
11.760009527206421,0,600,640,5,46,570,13,2744
11.77000641822815,0,600,630,5,46,567,11,2462
11.780005931854248,0,600,620,5,46,497,11,2967
11.790008544921875,0,600,610,5,45,490,11,3278
11.800006866455078,1,1200,600,5,45,491,15,1842
11.810011148452759,1,1200,610,5,46,490,14,2995
11.820006847381592,1,1200,620,5,45,491,12,3308
11.830010175704956,1,1200,630,5,46,489,12,3237
11.840009212493896,1,1200,640,5,45,492,12,2917
11.850010633468628,1,1200,650,5,45,490,13,2887
11.860008716583252,1,1200,660,5,46,492,11,2692
11.870010614395142,1,1200,670,5,45,490,12,3496
11.880009889602661,1,1200,680,5,45,491,12,2643
11.890007972717285,1,1200,690,5,46,419,11,2443
11.900005340576172,1,1200,700,5,46,420,14,2893
11.910006523132324,1,1200,710,5,46,416,14,2887
11.920005559921265,1,1200,720,5,46,417,14,2510
11.930007934570312,1,1200,730,5,46,418,13,3124
11.9400053024292,1,1200,740,5,46,418,12,2458
11.950011014938354,1,1200,750,5,45,418,13,2445
11.96001124382019,1,1200,760,5,46,419,14,2362
11.97001028060913,1,1200,770,5,46,418,12,2770
11.980008840560913,1,1200,780,5,45,418,11,2449
11.99000859260559,1,1200,790,5,46,416,12,2493
12.000004768371582,1,1200,800,5,46,375,14,2638
12.010010957717896,1,1200,810,5,46,374,15,3238
12.020005464553833,1,1200,820,5,46,375,13,1354
12.030009746551514,1,1200,830,5,46,374,12,3262
12.040010452270508,1,1200,840,5,46,373,10,2519
12.050009727478027,1,1200,850,5,46,376,11,2700
12.060004949569702,1,1200,860,5,46,375,10,2567
12.070009469985962,1,1200,870,5,45,375,15,2561
12.080008029937744,1,1200,880,5,46,374,13,2680
12.090009212493896,1,1200,890,5,46,375,12,2138
12.10000729560852,1,1200,900,5,45,374,10,2682
12.110006093978882,1,1200,910,5,46,426,14,3118
12.120006561279297,1,1200,920,5,46,426,13,1700
12.13000774383545,1,1200,930,5,46,426,14,2672
12.140004873275757,1,1200,940,5,46,426,11,2655
12.150005340576172,1,1200,950,5,46,426,13,2758
12.160005331039429,1,1200,960,5,45,426,14,2876
12.170010328292847,1,1200,970,5,46,426,13,3308
12.180008888244629,1,1200,980,5,46,425,13,2562
12.19001054763794,1,1200,990,5,46,426,12,2666
12.200006484985352,1,1200,1000,5,46,424,12,1869
12.210010051727295,1,1200,1010,5,46,426,14,2665
12.220011234283447,1,1200,1020,5,46,514,10,2476
12.230011224746704,1,1200,1030,5,46,516,13,3333
12.240009784698486,1,1200,1040,5,46,515,14,2231
12.250009775161743,1,1200,1050,5,46,516,14,3216
12.260010242462158,1,1200,1060,5,46,515,13,2748
12.270009517669678,1,1200,1070,5,45,516,12,2829
12.280005693435669,1,1200,1080,5,45,515,11,2545
12.290005683898926,1,1200,1090,5,46,514,15,3088
12.300007820129395,1,1200,1100,5,45,516,12,1958
12.310006856918335,1,1200,1110,5,46,516,13,2700
12.320010900497437,1,1200,1120,5,46,514,11,2810
12.33000659942627,1,1200,1130,5,45,598,12,3013
12.340006113052368,1,1200,1140,5,46,601,15,2848
12.350005865097046,1,1200,1150,5,46,598,10,2946
12.360011339187622,1,1200,1160,5,46,599,11,3075
12.370006322860718,1,1200,1170,5,46,601,13,3373
12.380011796951294,1,1200,1180,5,46,601,13,2659
12.390007734298706,1,1200,1190,5,46,602,13,2995
12.400007724761963,0,800,1200,5,46,598,12,2454
12.410009145736694,0,800,1190,5,46,599,13,2846
12.420005321502686,0,800,1180,5,46,601,13,2505
12.430005311965942,0,800,1170,5,46,599,13,2890
12.440008401870728,0,800,1160,5,45,678,12,2815
12.450005769729614,0,800,1150,5,46,679,12,2456
12.460005044937134,0,800,1140,5,46,679,13,2954
12.470011234283447,0,800,1130,5,46,679,13,2806
12.480010986328125,0,800,1120,5,46,681,13,3745
12.490008115768433,0,800,1110,5,46,679,12,2473
12.50000524520874,0,800,1100,5,46,677,12,2080
12.510008573532104,0,800,1090,5,46,679,12,3704
12.520005464553833,0,800,1080,5,46,681,13,2670
12.530004739761353,0,800,1070,5,46,679,13,3391
12.540006637573242,0,800,1060,5,45,699,12,3058
12.550005912780762,0,800,1050,5,46,750,13,2850
12.56001091003418,0,800,1040,5,46,751,14,2501
12.570007562637329,0,800,1030,5,46,752,12,2847
12.580005407333374,0,800,1020,5,46,751,12,2324
12.590007781982422,0,800,1010,5,46,753,13,1827
12.60000491142273,0,800,1000,5,46,750,13,2835
12.610004663467407,0,800,990,5,46,751,13,2138
12.620007991790771,0,800,980,5,46,750,13,2408
12.630006074905396,0,800,970,5,46,749,14,2919
12.640007257461548,0,800,960,5,45,749,12,3180
12.650006294250488,0,800,950,5,46,751,11,2574
12.660008668899536,0,800,940,5,46,751,12,2673
12.670006275177002,0,800,930,5,46,750,12,3362
12.680010557174683,0,800,920,5,45,751,13,2857
12.690006971359253,0,800,910,5,46,752,15,3250
12.70000672340393,0,800,900,5,46,753,12,2325
12.710009336471558,0,800,890,5,46,752,14,3426
12.720006465911865,0,800,880,5,46,753,14,2525
12.730009078979492,0,800,870,5,46,752,12,3026
12.740008115768433,0,800,860,5,46,753,13,2912
12.75000786781311,0,800,850,5,46,753,16,3036
12.760010480880737,0,800,840,5,46,709,11,2617
12.77000617980957,0,800,830,5,45,672,12,3467
12.780010223388672,0,800,820,5,46,670,12,2500
12.790008544921875,0,800,810,5,46,672,14,2638
12.800007104873657,1,1000,800,5,46,671,13,2744
12.810007810592651,1,1000,810,5,45,671,14,2468
12.8200101852417,1,1000,820,5,46,672,12,3126
12.830007553100586,1,1000,830,5,46,672,14,2421
12.84000563621521,1,1000,840,5,46,672,13,3311
12.850006341934204,1,1000,850,5,45,672,11,2601
12.860005617141724,1,1000,860,5,46,670,15,2923
12.8700110912323,1,1000,870,5,46,603,13,2591
12.880011558532715,1,1000,880,5,46,584,11,2671
12.890009880065918,1,1000,890,5,45,584,15,2453
12.900005578994751,1,1000,900,5,45,585,12,2981
12.910008668899536,1,1000,910,5,45,584,14,3013
12.920006036758423,1,1000,920,5,46,586,13,2714
12.930009603500366,1,1000,930,5,46,584,13,3039
12.940009832382202,1,1000,940,5,46,584,13,2515
12.950004816055298,1,1000,950,5,45,584,13,2884
12.96001148223877,1,1000,960,5,46,585,13,2685
12.970011711120605,1,1000,970,5,45,585,13,2504
12.980011224746704,1,1000,980,5,46,529,13,3057
12.990005731582642,1,1000,990,5,45,520,14,2618
13.000010967254639,0,0,1000,5,45,518,15,3008
13.010009050369263,0,0,990,5,46,519,14,2754
13.020010471343994,0,0,980,5,45,518,14,1626
13.030008792877197,0,0,970,5,46,518,12,2962
13.040011167526245,0,0,960,5,46,519,13,1984
13.050005674362183,0,0,950,5,45,520,14,3761
13.060005187988281,0,0,940,5,45,518,11,1919
13.07000732421875,0,0,930,5,46,519,14,2471
13.080008745193481,0,0,920,5,46,518,14,3153
13.09001111984253,0,0,910,5,46,545,13,2833
13.100011110305786,0,0,900,5,46,549,11,2875
13.110008001327515,0,0,890,5,46,551,13,2852
13.12000560760498,0,0,880,5,46,549,13,3301
13.130007982254028,0,0,870,5,46,550,12,2824
13.140005588531494,0,0,860,5,46,548,9,2910
13.150010585784912,0,0,850,5,46,550,13,3135
13.160008430480957,0,0,840,5,45,549,13,3525
13.170008420944214,0,0,830,5,46,548,12,2828
13.180007934570312,0,0,820,5,45,550,12,2645
13.190009593963623,0,0,810,5,45,548,15,3018
13.200009822845459,0,0,800,5,45,605,13,2663
13.210005044937134,0,0,790,5,46,608,11,2200
13.220005989074707,0,0,780,5,45,607,11,2946
13.23000955581665,0,0,770,5,46,608,13,3204
13.240010023117065,0,0,760,5,46,608,12,1700
13.250006914138794,0,0,750,5,46,607,12,2280
13.260004758834839,0,0,740,5,46,609,11,2220
13.270005464553833,0,0,730,5,46,607,12,2841
13.280009508132935,0,0,720,5,46,606,11,2616
13.29000473022461,0,0,710,5,45,608,14,2680
13.300005197525024,0,0,700,5,46,608,13,2790
13.310005903244019,0,0,690,5,46,566,14,2077
13.320010423660278,0,0,680,5,46,566,14,2852
13.330010414123535,0,0,670,5,46,565,10,2219
13.340007066726685,0,0,660,5,45,565,13,2760
13.350007057189941,0,0,650,5,46,567,13,2947
13.360010385513306,0,0,640,5,46,566,11,3009
13.37000584602356,0,0,630,5,46,567,13,2843
13.380005121231079,0,0,620,5,46,565,13,2216
13.390010118484497,0,0,610,5,46,565,14,2622
13.400007486343384,0,0,600,5,46,566,14,2840
13.41000771522522,0,0,590,5,46,565,12,3248
13.420007228851318,0,0,580,5,45,485,13,2249
13.430010318756104,0,0,570,5,46,480,12,3127
13.440011501312256,0,0,560,5,46,478,13,3242
13.450011014938354,0,0,550,5,46,481,14,2581
13.460006952285767,0,0,540,5,46,480,14,2648
13.470011472702026,0,0,530,5,46,481,10,2905
13.480005025863647,0,0,520,5,46,480,12,3117
13.490011930465698,0,0,510,5,46,480,12,3031
13.500009298324585,0,0,500,5,46,479,13,2571
13.510010004043579,0,0,490,5,45,481,15,3133
13.520010948181152,0,0,480,5,46,480,13,2944
13.530005693435669,0,0,470,5,45,404,13,2025
13.540006160736084,0,0,460,5,46,401,10,2171
13.550005674362183,0,0,450,5,45,402,11,2421
13.560005187988281,0,0,440,5,46,402,13,2889
13.570008277893066,0,0,430,5,46,400,15,2853
13.580005884170532,0,0,420,5,46,401,13,3030
13.590006589889526,0,0,410,5,46,399,11,2938
13.600007057189941,0,0,400,5,45,401,12,1538
13.610009908676147,0,0,390,5,46,400,14,2483
13.62001085281372,0,0,380,5,47,400,13,2889
13.630007982254028,0,0,370,5,46,401,14,2661
13.640011310577393,0,0,360,5,46,332,14,3060
13.650004863739014,0,0,350,5,46,331,13,3028
13.66000771522522,0,0,340,5,46,331,12,3302
13.670008897781372,0,0,330,5,46,331,13,2971
13.680006742477417,0,0,320,5,45,331,13,2331
13.690011739730835,0,0,310,5,46,329,12,2340
13.700007915496826,0,0,300,5,46,331,12,2567
13.710009098052979,0,0,290,5,46,333,14,2752
13.720007419586182,0,0,280,5,46,332,12,3309
13.730005502700806,0,0,270,5,45,332,14,3114
13.740010499954224,0,0,260,5,45,331,15,2638
13.75000810623169,0,0,250,5,46,279,11,2264
13.760004997253418,0,0,240,5,46,280,13,2735
13.770008563995361,0,0,230,5,46,278,13,2619
13.78000521659851,0,0,220,5,46,280,11,2803
13.790010452270508,0,0,210,5,46,279,11,2855
13.800007343292236,0,0,200,5,46,279,14,3256
13.810011386871338,0,0,190,5,46,280,14,2413
13.820006370544434,0,0,180,5,46,279,11,2468
13.830010890960693,0,0,170,5,46,280,12,2726
13.84000539779663,0,0,160,5,46,279,13,2724
13.85000491142273,0,0,150,5,46,279,12,2999
13.860010623931885,0,0,140,5,45,249,11,2265
13.870006561279297,0,0,130,5,46,250,14,2243
13.880006790161133,0,0,120,5,45,249,13,3448
13.890007972717285,0,0,110,5,46,250,11,3007
13.900006294250488,0,0,100,5,46,249,13,2797
13.910011291503906,0,0,90,5,46,251,12,2465
13.920008420944214,0,0,80,5,45,249,12,2498
13.930006504058838,0,0,70,5,46,250,14,2553
13.940005779266357,0,0,60,5,46,250,14,2749
13.950008869171143,0,0,50,5,46,251,14,3085
13.960008382797241,0,0,40,5,46,250,14,3096
13.970005989074707,0,0,30,5,46,239,13,2680
13.98000955581665,0,0,20,5,46,238,12,2210
13.990005493164062,0,0,10,5,46,239,14,2895
14.000010967254639,0,0,0,5,46,239,12,2164
